{"id":2,"firstName":"Vivek","lastName":"Kumar","city":"Ghaziabad","age":24}
{"id":2,"firstName":"Vivek","lastName":"Kumar","city":"Ghaziabad","age":24}
{"id":2,"firstName":"Vivek","lastName":"Kumar","city":"Ghaziabad","age":24}
{"id":2,"firstName":"Vivek","lastName":"Kumar","city":"Ghaziabad","age":24}
{"id":2,"firstName":"Vivek","lastName":"Kumar","city":"Ghaziabad","age":24}
{"id":2,"firstName":"Vivek","lastName":"Kumar","city":"Ghaziabad","age":24}
{"id":2,"firstName":"Vivek","lastName":"Kumar","city":"Ghaziabad","age":24}
{"id":2,"firstName":"Vivek","lastName":"Kumar","city":"Ghaziabad","age":24}
{"id":2,"firstName":"Vivek","lastName":"Kumar","city":"Ghaziabad","age":24}
{"id":2,"firstName":"Vivek","lastName":"Kumar","city":"Ghaziabad","age":24}
{"id":2,"firstName":"Vivek","lastName":"Kumar","city":"Ghaziabad","age":24}
{"id":2,"firstName":"Vivek","lastName":"Kumar","city":"Ghaziabad","age":24}
{"id":2,"firstName":"Vivek","lastName":"Kumar","city":"Ghaziabad","age":24}
{"id":2,"firstName":"Vivek","lastName":"Kumar","city":"Ghaziabad","age":24}
{"id":2,"firstName":"Vivek","lastName":"Kumar","city":"Ghaziabad","age":24}
{"id":2,"firstName":"Vivek","lastName":"Kumar","city":"Ghaziabad","age":24}
{"id":2,"firstName":"Vivek","lastName":"Kumar","city":"Ghaziabad","age":24}
{"id":2,"firstName":"Vivek","lastName":"Kumar","city":"Ghaziabad","age":24}
{"id":2,"firstName":"Vivek","lastName":"Kumar","city":"Ghaziabad","age":24}
{"id":2,"firstName":"Vivek","lastName":"Kumar","city":"Ghaziabad","age":24}
